process_date,Currency,Buy,Sell
4/26/2026,Euro,61.6619,61.8464
4/23/2026,Euro,61.4426,61.6165
4/22/2026,Euro,60.9566,61.1280
4/21/2026,Euro,60.8464,61.0180
4/20/2026,Euro,61.0856,61.2607
4/19/2026,Euro,60.7798,60.9599
4/16/2026,Euro,60.9784,61.1455
4/15/2026,Euro,61.1985,61.3687
4/14/2026,Euro,61.8656,62.0278
4/9/2026,Euro,62.0322,62.1986
4/8/2026,Euro,62.3146,62.4893
4/7/2026,Euro,63.1676,63.3349
4/6/2026,Euro,62.7687,62.9387
4/5/2026,Euro,62.6725,62.8546
4/2/2026,Euro,62.5415,62.7083
4/1/2026,Euro,62.1685,62.3407
3/31/2026,Euro,62.6719,62.8356
3/30/2026,Euro,62.5996,62.7713
3/29/2026,Euro,61.5961,61.7787
3/26/2026,Euro,60.7947,60.9594
3/25/2026,Euro,60.9600,61.1280
3/24/2026,Euro,60.9988,61.1710
3/18/2026,Euro,60.3431,60.5127
3/17/2026,Euro,60.1780,60.3420
3/16/2026,Euro,60.0104,60.1810
3/15/2026,Euro,59.9196,60.0847
3/12/2026,Euro,60.5444,60.7095
3/11/2026,Euro,60.2659,60.4336
3/10/2026,Euro,60.4905,60.6740
3/9/2026,Euro,60.9641,61.1314
3/8/2026,Euro,60.5281,60.6953
3/5/2026,Euro,58.1380,58.3087
3/4/2026,Euro,58.2969,58.4702
3/3/2026,Euro,57.7407,57.9170
3/2/2026,Euro,57.7067,57.8756
3/1/2026,Euro,57.5116,57.6853
2/26/2026,Euro,56.4655,56.6395
2/25/2026,Euro,56.4048,56.5741
2/24/2026,Euro,56.3588,56.5333
2/23/2026,Euro,56.2383,56.3992
2/22/2026,Euro,56.2377,56.4170
2/19/2026,Euro,56.0139,56.1823
2/18/2026,Euro,55.5565,55.7256
2/17/2026,Euro,55.5493,55.7195
2/16/2026,Euro,55.4074,55.5782
2/15/2026,Euro,55.4314,55.6070
2/12/2026,Euro,55.5705,55.7395
2/11/2026,Euro,55.7113,55.8750
2/10/2026,Euro,55.7031,55.8691
2/9/2026,Euro,55.5916,55.7544
2/8/2026,Euro,55.4023,55.5689
2/5/2026,Euro,55.2803,55.4470
2/4/2026,Euro,55.3482,55.5096
2/3/2026,Euro,55.3139,55.4705
2/2/2026,Euro,55.7888,55.9627
2/1/2026,Euro,55.7611,55.9384
1/28/2026,Euro,56.0800,56.2491
1/27/2026,Euro,55.8756,56.0400
1/26/2026,Euro,55.7204,55.8856
1/25/2026,Euro,55.5825,55.7626
1/22/2026,Euro,55.0942,55.2616
1/21/2026,Euro,55.4325,55.5994
1/20/2026,Euro,55.6490,55.8171
1/19/2026,Euro,55.0564,55.2215
1/18/2026,Euro,54.8752,55.0487
1/15/2026,Euro,54.9229,55.0912
1/14/2026,Euro,55.0705,55.2414
1/13/2026,Euro,54.9012,55.0700
1/12/2026,Euro,54.9884,55.1519
1/11/2026,Euro,54.8477,55.0165
1/8/2026,Euro,55.1098,55.2742
1/6/2026,Euro,55.2565,55.4245
1/5/2026,Euro,55.1974,55.3608
1/4/2026,Euro,55.7048,55.8663
12/31/2025,Euro,55.9255,56.0923
12/30/2025,Euro,56.0196,56.1794
12/29/2025,Euro,56.0569,56.2179
12/28/2025,Euro,56.0169,56.1931
12/25/2025,Euro,56.0016,56.1864
12/24/2025,Euro,56.0329,56.2076
12/23/2025,Euro,55.9909,56.1568
12/22/2025,Euro,55.6216,55.7880
12/21/2025,Euro,55.5839,55.7601
12/18/2025,Euro,55.7015,55.8630
12/17/2025,Euro,55.6488,55.8149
12/16/2025,Euro,55.6939,55.8627
12/15/2025,Euro,55.6887,55.8543
12/14/2025,Euro,55.6673,55.8315
12/11/2025,Euro,55.5915,55.7613
12/10/2025,Euro,55.3357,55.5078
12/9/2025,Euro,55.3508,55.5131
12/8/2025,Euro,55.3061,55.4759
12/7/2025,Euro,55.2162,55.3789
12/4/2025,Euro,55.4823,55.6362
12/3/2025,Euro,55.4429,55.6066
12/2/2025,Euro,55.0907,55.2566
12/1/2025,Euro,55.1948,55.3642
11/30/2025,Euro,55.0923,55.2527
11/27/2025,Euro,55.1221,55.2897
11/26/2025,Euro,55.1230,55.2846
11/25/2025,Euro,55.0477,55.2135
11/24/2025,Euro,55.0580,55.2237
11/23/2025,Euro,54.7457,54.9187
11/20/2025,Euro,54.5494,54.7188
11/19/2025,Euro,54.8396,55.0039
11/18/2025,Euro,54.5713,54.7313
11/17/2025,Euro,54.5228,54.6843
11/16/2025,Euro,54.6997,54.8674
11/13/2025,Euro,54.6881,54.8479
11/12/2025,Euro,54.5978,54.7556
11/11/2025,Euro,54.5637,54.7259
11/10/2025,Euro,54.5732,54.7345
11/9/2025,Euro,54.6704,54.8351
11/6/2025,Euro,54.4553,54.6219
11/5/2025,Euro,54.3922,54.5604
11/4/2025,Euro,54.3530,54.5230
11/3/2025,Euro,54.3262,54.4911
11/2/2025,Euro,54.4010,54.5703
10/30/2025,Euro,54.7147,54.8713
10/29/2025,Euro,55.0140,55.1783
10/28/2025,Euro,55.1557,55.3257
10/27/2025,Euro,55.1412,55.3064
10/26/2025,Euro,55.1626,55.3310
10/23/2025,Euro,55.0659,55.2314
10/22/2025,Euro,55.0217,55.1819
10/21/2025,Euro,55.1698,55.3369
10/20/2025,Euro,55.2603,55.4224
10/19/2025,Euro,55.3329,55.5001
10/16/2025,Euro,55.3714,55.5411
10/15/2025,Euro,55.3117,55.4783
10/14/2025,Euro,55.0417,55.2018
10/13/2025,Euro,55.1908,55.3540
10/12/2025,Euro,55.5523,55.7323
10/8/2025,Euro,55.2273,55.3933
10/7/2025,Euro,55.4307,55.5913
10/6/2025,Euro,55.4536,55.6166
10/5/2025,Euro,55.8452,56.0188
10/2/2025,Euro,56.0451,56.2149
10/1/2025,Euro,56.0355,56.2047
9/30/2025,Euro,56.1645,56.3260
9/29/2025,Euro,56.2026,56.3964
9/28/2025,Euro,56.2638,56.4342
9/25/2025,Euro,56.4350,56.6057
9/24/2025,Euro,56.5179,56.6840
9/23/2025,Euro,56.7816,56.9504
9/22/2025,Euro,56.6846,56.8497
9/21/2025,Euro,56.5604,56.7342
9/18/2025,Euro,56.9668,57.1331
9/17/2025,Euro,56.9192,57.0844
9/16/2025,Euro,56.7256,56.8892
9/15/2025,Euro,56.5509,56.7190
9/14/2025,Euro,56.4858,56.6569
9/11/2025,Euro,56.2471,56.4138
9/10/2025,Euro,56.2310,56.3985
9/9/2025,Euro,56.3413,56.5018
9/8/2025,Euro,56.4705,56.6388
9/7/2025,Euro,56.7408,56.9164
9/3/2025,Euro,56.4961,56.6573
9/2/2025,Euro,56.3854,56.5502
9/1/2025,Euro,56.8442,57.0162
8/31/2025,Euro,56.6909,56.8667
8/28/2025,Euro,56.6422,56.8058
8/27/2025,Euro,56.2479,56.4111
8/26/2025,Euro,56.5142,56.6781
8/25/2025,Euro,56.6264,56.7881
8/24/2025,Euro,56.6285,56.8015
8/21/2025,Euro,56.4403,56.6065
8/20/2025,Euro,56.5431,56.7038
8/19/2025,Euro,56.5606,56.7258
8/18/2025,Euro,56.4212,56.5890
8/17/2025,Euro,56.4305,56.6034
8/14/2025,Euro,56.4044,56.5598
8/13/2025,Euro,56.5244,56.6880
8/12/2025,Euro,56.1486,56.3132
8/11/2025,Euro,56.3886,56.5521
8/10/2025,Euro,56.3700,56.5306
8/7/2025,Euro,56.5765,56.7423
8/6/2025,Euro,56.1332,56.2976
8/5/2025,Euro,55.8070,55.9698
8/4/2025,Euro,55.9985,56.1637
8/3/2025,Euro,56.2701,56.4365
7/31/2025,Euro,55.5973,55.7552
7/30/2025,Euro,56.1184,56.3071
7/29/2025,Euro,56.2424,56.4002
7/28/2025,Euro,56.7679,56.9325
7/27/2025,Euro,57.3016,57.4759
7/23/2025,Euro,57.4669,57.6337
7/22/2025,Euro,57.3417,57.5096
7/21/2025,Euro,57.2815,57.4444
7/20/2025,Euro,57.2983,57.4634
7/17/2025,Euro,57.1804,57.3439
7/16/2025,Euro,57.3362,57.4988
7/15/2025,Euro,57.6482,57.8072
7/14/2025,Euro,57.7644,57.9339
7/13/2025,Euro,57.7711,57.9439
7/10/2025,Euro,57.9907,58.1577
7/9/2025,Euro,57.9724,58.1243
7/8/2025,Euro,58.1933,58.3596
7/7/2025,Euro,58.1647,58.3331
7/6/2025,Euro,58.0302,58.2018
7/2/2025,Euro,57.9827,58.1448
7/1/2025,Euro,58.3294,58.4953
6/30/2025,Euro,58.0740,58.2412
6/29/2025,Euro,58.1555,58.3240
6/25/2025,Euro,57.8400,58.0075
6/24/2025,Euro,57.9645,58.1304
6/23/2025,Euro,58.0202,58.1899
6/22/2025,Euro,58.4567,58.6205
6/19/2025,Euro,58.0382,58.2027
6/18/2025,Euro,58.0064,58.1764
6/17/2025,Euro,57.9373,58.0954
6/16/2025,Euro,58.1152,58.2870
6/15/2025,Euro,58.3975,58.5622
6/12/2025,Euro,57.6465,57.8134
6/11/2025,Euro,56.5318,56.6989
6/10/2025,Euro,56.4914,56.6396
6/4/2025,Euro,56.4348,56.5944
6/3/2025,Euro,56.5482,56.7080
6/2/2025,Euro,56.6465,56.8051
6/1/2025,Euro,56.3192,56.4800
5/29/2025,Euro,56.0825,56.2414
5/28/2025,Euro,56.3274,56.4806
5/27/2025,Euro,56.4195,56.5700
5/26/2025,Euro,56.6467,56.8051
5/25/2025,Euro,56.6291,56.7919
5/22/2025,Euro,56.2620,56.4461
5/21/2025,Euro,56.4577,56.6119
5/20/2025,Euro,56.0270,56.1834
5/19/2025,Euro,56.3634,56.5209
5/18/2025,Euro,55.8620,56.0149
5/15/2025,Euro,56.0910,56.2460
5/14/2025,Euro,56.5093,56.6662
5/13/2025,Euro,55.9364,56.0878
5/12/2025,Euro,55.8805,56.0328
5/11/2025,Euro,56.8392,57.0034
5/8/2025,Euro,57.0690,57.2238
5/7/2025,Euro,57.4711,57.6380
5/6/2025,Euro,57.2877,57.4515
5/5/2025,Euro,57.4204,57.5831
5/4/2025,Euro,57.2067,57.3699
4/30/2025,Euro,57.6496,57.8069
4/29/2025,Euro,57.7310,57.8919
4/28/2025,Euro,57.5791,57.7298
4/27/2025,Euro,57.8065,57.9664
4/23/2025,Euro,58.0824,58.2562
4/22/2025,Euro,58.5519,58.7140
4/17/2025,Euro,57.9660,58.1281
4/16/2025,Euro,57.9970,58.1645
4/15/2025,Euro,57.6673,57.8330
4/14/2025,Euro,57.9841,58.1512
4/13/2025,Euro,58.1288,58.2851
4/10/2025,Euro,56.7495,56.9071
4/9/2025,Euro,56.9812,57.1442
4/8/2025,Euro,55.9872,56.1456
4/7/2025,Euro,56.2962,56.4559
4/6/2025,Euro,55.9323,56.0938
4/3/2025,Euro,56.0373,56.1998
3/27/2025,Euro,54.4600,54.6152
3/26/2025,Euro,54.4788,54.6290
3/25/2025,Euro,54.6366,54.7851
3/24/2025,Euro,54.8262,54.9741
3/23/2025,Euro,54.7046,54.8619
3/20/2025,Euro,54.7639,54.9154
3/19/2025,Euro,55.1163,55.2744
3/18/2025,Euro,55.1267,55.2796
3/17/2025,Euro,55.0215,55.1756
3/16/2025,Euro,54.9651,55.1242
3/13/2025,Euro,54.9798,55.1317
3/12/2025,Euro,55.2058,55.3594
3/11/2025,Euro,55.0241,55.1820
3/10/2025,Euro,54.8791,55.0318
3/9/2025,Euro,54.7795,54.9433
3/6/2025,Euro,54.6513,54.8052
3/5/2025,Euro,54.1333,54.2864
3/4/2025,Euro,53.1655,53.3202
3/3/2025,Euro,52.8196,52.9711
3/2/2025,Euro,52.4850,52.6355
2/27/2025,Euro,52.9848,53.1361
2/26/2025,Euro,53.0068,53.1545
2/25/2025,Euro,53.0153,53.1615
2/24/2025,Euro,52.9237,53.0736
2/23/2025,Euro,52.8182,52.9729
2/20/2025,Euro,52.7002,52.8531
2/19/2025,Euro,52.6716,52.8188
2/18/2025,Euro,52.9322,53.0823
2/17/2025,Euro,52.9699,53.1206
2/16/2025,Euro,53.0422,53.2068
2/13/2025,Euro,52.5984,52.7462
2/12/2025,Euro,52.4512,52.5970
2/11/2025,Euro,52.0121,52.1703
2/10/2025,Euro,51.8309,51.9756
2/9/2025,Euro,51.8496,51.9963
2/6/2025,Euro,52.0291,52.1774
2/5/2025,Euro,52.3223,52.4727
2/4/2025,Euro,51.8503,51.9968
2/3/2025,Euro,51.5399,51.6896
2/2/2025,Euro,51.9768,52.1338
1/30/2025,Euro,52.1263,52.2804
1/29/2025,Euro,52.1756,52.3248
1/28/2025,Euro,52.2548,52.3997
1/27/2025,Euro,52.7707,52.9212
1/26/2025,Euro,52.6600,52.8135
1/23/2025,Euro,52.2246,52.3763
1/22/2025,Euro,52.4761,52.6225
1/21/2025,Euro,51.9834,52.1299
1/20/2025,Euro,51.8760,52.0167
1/19/2025,Euro,51.6486,51.7943
1/16/2025,Euro,51.7548,51.8928
1/15/2025,Euro,51.8812,52.0257
1/14/2025,Euro,51.6489,51.7994
1/13/2025,Euro,51.4295,51.5739
1/12/2025,Euro,51.7348,51.8885
1/9/2025,Euro,52.0266,52.1712
1/8/2025,Euro,52.0236,52.1685
1/6/2025,Euro,52.7265,52.8781
1/5/2025,Euro,52.1894,52.3348
1/2/2025,Euro,52.3918,52.5439
