process_date,Gold_Ounce_USD,Gold_Gram_USD,Gold_24K,Gold_21K,Gold_18K
2025-01-02,2658.9,85.486,85.486,74.8,64.114
2025-01-03,2645.0,85.039,85.039,74.409,63.779
2025-01-06,2638.4,84.826,84.826,74.223,63.62
2025-01-07,2656.7,85.415,85.415,74.738,64.061
2025-01-08,2664.5,85.666,85.666,74.957,64.249
2025-01-09,2683.8,86.286,86.286,75.5,64.715
2025-01-10,2708.5,87.08,87.08,76.195,65.31
2025-01-13,2673.5,85.955,85.955,75.211,64.466
2025-01-14,2677.5,86.084,86.084,75.323,64.563
2025-01-15,2712.5,87.209,87.209,76.308,65.407
2025-01-16,2746.4,88.299,88.299,77.261,66.224
2025-01-17,2744.3,88.231,88.231,77.202,66.173
2025-01-21,2755.0,88.575,88.575,77.503,66.431
2025-01-22,2767.6,88.98,88.98,77.858,66.735
2025-01-23,2763.1,88.836,88.836,77.731,66.627
2025-01-24,2777.3,89.292,89.292,78.131,66.969
2025-01-27,2737.5,88.013,88.013,77.011,66.009
2025-01-28,2766.8,88.955,88.955,77.835,66.716
2025-01-29,2769.1,89.029,89.029,77.9,66.771
2025-01-30,2823.0,90.761,90.761,79.416,68.071
2025-01-31,2812.5,90.424,90.424,79.121,67.818
2025-02-03,2833.9,91.112,91.112,79.723,68.334
2025-02-04,2853.3,91.736,91.736,80.269,68.802
2025-02-05,2871.6,92.324,92.324,80.784,69.243
2025-02-06,2856.0,91.822,91.822,80.345,68.867
2025-02-07,2867.3,92.186,92.186,80.663,69.139
2025-02-10,2914.3,93.697,93.697,81.985,70.273
2025-02-11,2912.5,93.639,93.639,81.934,70.229
2025-02-12,2909.0,93.526,93.526,81.836,70.145
2025-02-13,2925.9,94.07,94.07,82.311,70.552
2025-02-14,2883.6,92.71,92.71,81.121,69.532
2025-02-18,2931.6,94.253,94.253,82.471,70.69
2025-02-19,2919.4,93.861,93.861,82.128,70.396
2025-02-20,2940.0,94.523,94.523,82.708,70.892
2025-02-21,2937.6,94.446,94.446,82.64,70.834
2025-02-24,2947.9,94.777,94.777,82.93,71.083
2025-02-25,2904.5,93.382,93.382,81.709,70.036
2025-02-26,2916.8,93.777,93.777,82.055,70.333
2025-02-27,2883.2,92.697,92.697,81.11,69.523
2025-02-28,2836.8,91.205,91.205,79.805,68.404
2025-03-03,2890.2,92.922,92.922,81.307,69.692
2025-03-04,2909.6,93.546,93.546,81.853,70.159
2025-03-05,2915.3,93.729,93.729,82.013,70.297
2025-03-06,2916.6,93.771,93.771,82.049,70.328
2025-03-07,2904.7,93.388,93.388,81.715,70.041
2025-03-10,2891.0,92.948,92.948,81.329,69.711
2025-03-11,2912.9,93.652,93.652,81.945,70.239
2025-03-12,2939.1,94.494,94.494,82.682,70.871
2025-03-13,2984.3,95.947,95.947,83.954,71.961
2025-03-14,2994.5,96.275,96.275,84.241,72.207
2025-03-17,3000.0,96.452,96.452,84.396,72.339
2025-03-18,3035.1,97.581,97.581,85.383,73.185
2025-03-19,3035.9,97.606,97.606,85.406,73.205
2025-03-20,3040.0,97.738,97.738,85.521,73.304
2025-03-21,3018.2,97.037,97.037,84.908,72.778
2025-03-24,3013.1,96.873,96.873,84.764,72.655
2025-03-25,3023.7,97.214,97.214,85.062,72.911
2025-03-26,3020.9,97.124,97.124,84.984,72.843
2025-03-27,3060.2,98.388,98.388,86.089,73.791
2025-03-28,3086.5,99.233,99.233,86.829,74.425
2025-03-31,3122.8,100.4,100.4,87.85,75.3
2025-04-01,3118.9,100.275,100.275,87.741,75.206
2025-04-02,3139.9,100.95,100.95,88.331,75.713
2025-04-03,3097.0,99.571,99.571,87.124,74.678
2025-04-04,3012.0,96.838,96.838,84.733,72.628
2025-04-07,2951.3,94.886,94.886,83.026,71.165
2025-04-08,2968.4,95.436,95.436,83.507,71.577
2025-04-09,3056.5,98.269,98.269,85.985,73.702
2025-04-10,3155.2,101.442,101.442,88.762,76.081
2025-04-11,3222.2,103.596,103.596,90.647,77.697
2025-04-14,3204.8,103.037,103.037,90.157,77.277
2025-04-15,3218.7,103.484,103.484,90.548,77.613
2025-04-16,3326.6,106.953,106.953,93.584,80.214
2025-04-17,3308.7,106.377,106.377,93.08,79.783
2025-04-21,3406.2,109.512,109.512,95.823,82.134
2025-04-22,3400.8,109.338,109.338,95.671,82.004
2025-04-23,3276.3,105.335,105.335,92.168,79.002
2025-04-24,3332.0,107.126,107.126,93.735,80.345
2025-04-25,3282.4,105.532,105.532,92.34,79.149
2025-04-28,3332.5,107.142,107.142,93.749,80.357
2025-04-29,3318.8,106.702,106.702,93.364,80.026
2025-04-30,3305.0,106.258,106.258,92.976,79.694
2025-05-01,3210.0,103.204,103.204,90.303,77.403
2025-05-02,3231.9,103.908,103.908,90.919,77.931
2025-05-05,3311.3,106.461,106.461,93.153,79.846
2025-05-06,3411.4,109.679,109.679,95.969,82.259
2025-05-07,3381.4,108.714,108.714,95.125,81.536
2025-05-08,3296.6,105.988,105.988,92.74,79.491
2025-05-09,3335.4,107.236,107.236,93.831,80.427
2025-05-12,3220.0,103.525,103.525,90.585,77.644
2025-05-13,3240.3,104.178,104.178,91.156,78.133
2025-05-14,3181.4,102.284,102.284,89.499,76.713
2025-05-15,3220.7,103.548,103.548,90.604,77.661
2025-05-16,3182.0,102.304,102.304,89.516,76.728
2025-05-19,3228.9,103.811,103.811,90.835,77.859
2025-05-20,3280.3,105.464,105.464,92.281,79.098
2025-05-21,3309.3,106.396,106.396,93.097,79.797
2025-05-22,3292.3,105.85,105.85,92.619,79.387
2025-05-23,3363.6,108.142,108.142,94.624,81.107
2025-05-27,3299.1,106.068,106.068,92.81,79.551
2025-05-28,3293.6,105.892,105.892,92.655,79.419
2025-05-29,3317.1,106.647,106.647,93.316,79.985
2025-05-30,3288.9,105.741,105.741,92.523,79.305
2025-06-02,3370.6,108.367,108.367,94.821,81.275
2025-06-03,3350.2,107.711,107.711,94.247,80.784
2025-06-04,3373.5,108.46,108.46,94.903,81.345
2025-06-05,3350.7,107.727,107.727,94.261,80.796
2025-06-06,3322.7,106.827,106.827,93.474,80.12
2025-06-09,3332.1,107.129,107.129,93.738,80.347
2025-06-10,3320.9,106.769,106.769,93.423,80.077
2025-06-11,3321.3,106.782,106.782,93.434,80.087
2025-06-12,3380.9,108.698,108.698,95.111,81.524
2025-06-13,3431.2,110.316,110.316,96.526,82.737
2025-06-16,3396.4,109.197,109.197,95.547,81.898
2025-06-17,3386.6,108.882,108.882,95.271,81.661
2025-06-18,3389.8,108.985,108.985,95.361,81.738
2025-06-20,3368.1,108.287,108.287,94.751,81.215
2025-06-23,3377.7,108.595,108.595,95.021,81.447
2025-06-24,3317.4,106.657,106.657,93.325,79.993
2025-06-25,3327.1,106.969,106.969,93.598,80.227
2025-06-26,3333.5,107.174,107.174,93.778,80.381
2025-06-27,3273.7,105.252,105.252,92.095,78.939
2025-06-30,3294.4,105.917,105.917,92.678,79.438
2025-07-01,3336.7,107.277,107.277,93.868,80.458
2025-07-02,3348.0,107.641,107.641,94.186,80.73
2025-07-03,3331.6,107.113,107.113,93.724,80.335
2025-07-04,3332.5,107.142,107.142,93.749,80.357
2025-07-07,3332.2,107.133,107.133,93.741,80.349
2025-07-08,3307.0,106.322,106.322,93.032,79.742
2025-07-09,3311.6,106.47,106.47,93.162,79.853
2025-07-10,3317.4,106.657,106.657,93.325,79.993
2025-07-11,3356.0,107.898,107.898,94.411,80.923
2025-07-14,3351.5,107.753,107.753,94.284,80.815
2025-07-15,3329.8,107.055,107.055,93.674,80.292
2025-07-16,3352.5,107.785,107.785,94.312,80.839
2025-07-17,3340.1,107.387,107.387,93.963,80.54
2025-07-18,3353.0,107.801,107.801,94.326,80.851
2025-07-21,3401.9,109.374,109.374,95.702,82.03
2025-07-22,3439.2,110.573,110.573,96.751,82.93
2025-07-23,3394.1,109.123,109.123,95.482,81.842
2025-07-24,3371.0,108.38,108.38,94.833,81.285
2025-07-25,3334.0,107.191,107.191,93.792,80.393
2025-07-28,3309.1,106.39,106.39,93.091,79.792
2025-07-29,3323.4,106.85,106.85,93.493,80.137
2025-07-30,3295.8,105.962,105.962,92.717,79.472
2025-07-31,3293.2,105.879,105.879,92.644,79.409
2025-08-01,3347.7,107.631,107.631,94.177,80.723
2025-08-04,3374.4,108.489,108.489,94.928,81.367
2025-08-05,3381.9,108.731,108.731,95.139,81.548
2025-08-06,3380.0,108.669,108.669,95.086,81.502
2025-08-07,3400.3,109.322,109.322,95.657,81.992
2025-08-08,3439.1,110.57,110.57,96.748,82.927
2025-08-11,3353.1,107.805,107.805,94.329,80.853
2025-08-12,3348.9,107.67,107.67,94.211,80.752
2025-08-13,3358.7,107.985,107.985,94.487,80.988
2025-08-14,3335.2,107.229,107.229,93.825,80.422
2025-08-15,3336.0,107.255,107.255,93.848,80.441
2025-08-18,3331.7,107.117,107.117,93.727,80.337
2025-08-19,3313.4,106.528,106.528,93.212,79.896
2025-08-20,3343.4,107.493,107.493,94.056,80.62
2025-08-21,3336.9,107.284,107.284,93.873,80.463
2025-08-22,3374.4,108.489,108.489,94.928,81.367
2025-08-25,3373.8,108.47,108.47,94.911,81.353
2025-08-26,3388.6,108.946,108.946,95.328,81.709
2025-08-27,3404.6,109.46,109.46,95.778,82.095
2025-08-28,3431.8,110.335,110.335,96.543,82.751
2025-08-29,3473.7,111.682,111.682,97.722,83.761
2025-09-02,3549.4,114.116,114.116,99.851,85.587
2025-09-03,3593.2,115.524,115.524,101.083,86.643
2025-09-04,3565.8,114.643,114.643,100.313,85.982
2025-09-05,3613.2,116.167,116.167,101.646,87.125
2025-09-08,3638.1,116.968,116.968,102.347,87.726
2025-09-09,3643.3,117.135,117.135,102.493,87.851
2025-09-10,3643.6,117.144,117.144,102.501,87.858
2025-09-11,3636.9,116.929,116.929,102.313,87.697
2025-09-12,3649.4,117.331,117.331,102.664,87.998
2025-09-15,3682.2,118.385,118.385,103.587,88.789
2025-09-16,3688.9,118.601,118.601,103.776,88.951
2025-09-17,3681.8,118.373,118.373,103.576,88.779
2025-09-18,3643.7,117.148,117.148,102.504,87.861
2025-09-19,3671.5,118.041,118.041,103.286,88.531
2025-09-22,3740.7,120.266,120.266,105.233,90.2
2025-09-23,3780.6,121.549,121.549,106.355,91.162
2025-09-24,3732.1,119.99,119.99,104.991,89.992
2025-09-25,3736.9,120.144,120.144,105.126,90.108
2025-09-26,3775.3,121.379,121.379,106.206,91.034
2025-09-29,3820.9,122.845,122.845,107.489,92.134
2025-09-30,3840.8,123.484,123.484,108.049,92.613
2025-10-01,3867.5,124.343,124.343,108.8,93.257
2025-10-02,3839.7,123.449,123.449,108.018,92.587
2025-10-03,3880.8,124.771,124.771,109.174,93.578
2025-10-06,3948.5,126.947,126.947,111.079,95.21
2025-10-07,3976.6,127.851,127.851,111.869,95.888
2025-10-08,4043.3,129.995,129.995,113.746,97.496
2025-10-09,3946.3,126.876,126.876,111.017,95.157
2025-10-10,3975.9,127.828,127.828,111.85,95.871
2025-10-13,4108.6,132.094,132.094,115.583,99.071
2025-10-14,4138.7,133.062,133.062,116.429,99.797
2025-10-15,4176.9,134.29,134.29,117.504,100.718
2025-10-16,4280.2,137.612,137.612,120.41,103.209
2025-10-17,4189.9,134.708,134.708,117.87,101.031
2025-10-20,4336.4,139.418,139.418,121.991,104.564
2025-10-21,4087.7,131.423,131.423,114.995,98.567
2025-10-22,4044.4,130.03,130.03,113.777,97.523
2025-10-23,4125.5,132.638,132.638,116.058,99.478
2025-10-24,4118.4,132.41,132.41,115.858,99.307
2025-10-27,4001.9,128.664,128.664,112.581,96.498
2025-10-28,3966.2,127.516,127.516,111.577,95.637
2025-10-29,3983.7,128.079,128.079,112.069,96.059
2025-10-30,4001.3,128.645,128.645,112.564,96.484
2025-10-31,3982.2,128.031,128.031,112.027,96.023
2025-11-03,4000.3,128.613,128.613,112.536,96.459
2025-11-04,3947.7,126.921,126.921,111.056,95.191
2025-11-05,3980.3,127.97,127.97,111.973,95.977
2025-11-06,3979.9,127.957,127.957,111.962,95.967
2025-11-07,3999.4,128.584,128.584,112.511,96.438
2025-11-10,4111.8,132.197,132.197,115.673,99.148
2025-11-11,4106.8,132.037,132.037,115.532,99.027
2025-11-12,4204.4,135.174,135.174,118.278,101.381
2025-11-13,4186.9,134.612,134.612,117.785,100.959
2025-11-14,4087.6,131.419,131.419,114.992,98.564
2025-11-17,4068.3,130.799,130.799,114.449,98.099
2025-11-18,4061.3,130.574,130.574,114.252,97.93
2025-11-19,4077.7,131.101,131.101,114.713,98.326
2025-11-20,4056.5,130.419,130.419,114.117,97.815
2025-11-21,4076.7,131.069,131.069,114.685,98.302
2025-11-24,4091.9,131.558,131.558,115.113,98.668
2025-11-25,4139.2,133.078,133.078,116.443,99.809
2025-11-26,4165.2,133.914,133.914,117.175,100.436
2025-11-28,4218.3,135.621,135.621,118.669,101.716
2025-12-01,4239.3,136.297,136.297,119.259,102.222
2025-12-02,4186.6,134.602,134.602,117.777,100.952
2025-12-03,4199.3,135.011,135.011,118.134,101.258
2025-12-04,4211.8,135.412,135.412,118.486,101.559
2025-12-05,4212.9,135.448,135.448,118.517,101.586
2025-12-08,4187.2,134.622,134.622,117.794,100.966
2025-12-09,4206.7,135.248,135.248,118.342,101.436
2025-12-10,4196.4,134.917,134.917,118.053,101.188
2025-12-11,4285.5,137.782,137.782,120.559,103.336
2025-12-12,4300.1,138.251,138.251,120.97,103.688
2025-12-15,4306.7,138.464,138.464,121.156,103.848
2025-12-16,4304.5,138.393,138.393,121.094,103.795
2025-12-17,4347.5,139.775,139.775,122.303,104.831
2025-12-18,4339.5,139.518,139.518,122.078,104.639
2025-12-19,4361.4,140.222,140.222,122.694,105.167
2025-12-22,4444.6,142.897,142.897,125.035,107.173
2025-12-23,4482.8,144.125,144.125,126.11,108.094
2025-12-24,4480.6,144.055,144.055,126.048,108.041
2025-12-26,4529.1,145.614,145.614,127.412,109.21
2025-12-29,4325.1,139.055,139.055,121.673,104.291
2025-12-30,4370.1,140.502,140.502,122.939,105.376
2025-12-31,4325.6,139.071,139.071,121.687,104.303
2026-01-02,4314.4,138.711,138.711,121.372,104.033
2026-01-05,4436.9,142.65,142.65,124.818,106.987
2026-01-06,4482.2,144.106,144.106,126.093,108.079
2026-01-07,4449.3,143.048,143.048,125.167,107.286
2026-01-08,4449.7,143.061,143.061,125.178,107.296
2026-01-09,4490.3,144.366,144.366,126.321,108.275
2026-01-12,4604.3,148.032,148.032,129.528,111.024
2026-01-13,4589.2,147.546,147.546,129.103,110.66
2026-01-14,4626.3,148.739,148.739,130.147,111.554
2026-01-15,4616.3,148.417,148.417,129.865,111.313
2026-01-16,4588.4,147.52,147.52,129.08,110.64
2026-01-20,4759.6,153.025,153.025,133.897,114.768
2026-01-21,4831.8,155.346,155.346,135.928,116.509
2026-01-22,4908.8,157.821,157.821,138.094,118.366
2026-01-23,4976.2,159.988,159.988,139.99,119.991
2026-01-26,5079.7,163.316,163.316,142.902,122.487
2026-01-27,5079.9,163.322,163.322,142.907,122.492
2026-01-28,5301.6,170.45,170.45,149.144,127.838
2026-01-29,5318.4,170.99,170.99,149.617,128.243
2026-01-30,4713.9,151.555,151.555,132.611,113.666
2026-02-02,4622.5,148.617,148.617,130.04,111.463
2026-02-03,4903.7,157.658,157.658,137.95,118.243
2026-02-04,4920.4,158.194,158.194,138.42,118.646
2026-02-05,4861.4,156.298,156.298,136.76,117.223
2026-02-06,4951.2,159.185,159.185,139.287,119.388
2026-02-09,5050.9,162.39,162.39,142.091,121.793
2026-02-10,5003.8,160.876,160.876,140.766,120.657
2026-02-11,5071.6,163.056,163.056,142.674,122.292
2026-02-12,4923.7,158.301,158.301,138.513,118.725
2026-02-13,5022.0,161.461,161.461,141.278,121.096
2026-02-17,4882.9,156.989,156.989,137.365,117.742
2026-02-18,4986.5,160.32,160.32,140.28,120.24
2026-02-19,4975.9,159.979,159.979,139.981,119.984
2026-02-20,5059.3,162.66,162.66,142.328,121.995
2026-02-23,5204.7,167.335,167.335,146.418,125.501
2026-02-24,5155.8,165.763,165.763,145.042,124.322
2026-02-25,5206.4,167.39,167.39,146.466,125.542
2026-02-26,5176.5,166.428,166.428,145.625,124.821
2026-02-27,5230.5,168.164,168.164,147.144,126.123
2026-03-02,5294.4,170.219,170.219,148.941,127.664
2026-03-03,5107.4,164.207,164.207,143.681,123.155
2026-03-04,5120.2,164.618,164.618,144.041,123.464
2026-03-05,5065.3,162.853,162.853,142.496,122.14
2026-03-06,5146.1,165.451,165.451,144.769,124.088
2026-03-09,5091.5,163.695,163.695,143.233,122.772
2026-03-10,5229.7,168.139,168.139,147.121,126.104
2026-03-11,5167.4,166.136,166.136,145.369,124.602
2026-03-12,5115.8,164.477,164.477,143.917,123.357
2026-03-13,5052.5,162.442,162.442,142.136,121.831
2026-03-16,4994.0,160.561,160.561,140.491,120.421
2026-03-17,5001.0,160.786,160.786,140.688,120.589
2026-03-18,4889.9,157.214,157.214,137.562,117.91
2026-03-19,4600.7,147.916,147.916,129.426,110.937
2026-03-20,4570.4,146.942,146.942,128.574,110.206
2026-03-23,4404.1,141.595,141.595,123.896,106.196
2026-03-24,4399.3,141.441,141.441,123.761,106.081
2026-03-25,4549.8,146.279,146.279,127.994,109.71
2026-03-26,4375.5,140.675,140.675,123.091,105.507
2026-03-27,4492.0,144.421,144.421,126.368,108.316
2026-03-30,4526.0,145.514,145.514,127.325,109.136
2026-03-31,4647.6,149.424,149.424,130.746,112.068
2026-04-01,4783.2,153.783,153.783,134.56,115.338
2026-04-02,4651.5,149.549,149.549,130.855,112.162
2026-04-06,4656.8,149.719,149.719,131.005,112.29
2026-04-07,4657.1,149.729,149.729,131.013,112.297
2026-04-08,4749.5,152.7,152.7,133.612,114.525
2026-04-09,4792.2,154.073,154.073,134.814,115.555
2026-04-10,4761.9,153.099,153.099,133.961,114.824
2026-04-13,4742.4,152.472,152.472,133.413,114.354
2026-04-14,4825.0,155.127,155.127,135.736,116.345
2026-04-15,4800.0,154.323,154.323,135.033,115.743
2026-04-16,4785.4,153.854,153.854,134.622,115.391
2026-04-17,4857.6,156.175,156.175,136.653,117.132
2026-04-20,4806.6,154.536,154.536,135.219,115.902
2026-04-21,4698.4,151.057,151.057,132.175,113.293
2026-04-22,4732.5,152.153,152.153,133.134,114.115
2026-04-23,4705.1,151.272,151.272,132.363,113.454
2026-04-24,4722.3,151.825,151.825,132.847,113.869
2026-04-27,4715.8,151.616,151.616,132.664,113.712
