Date,Currency,Buy,Sell
4/26/2026,Saudi Riyal,14.0302,14.0682
4/23/2026,Saudi Riyal,14.0130,14.0510
4/22/2026,Saudi Riyal,13.8500,13.8869
4/21/2026,Saudi Riyal,13.7881,13.8254
4/20/2026,Saudi Riyal,13.8417,13.8797
4/19/2026,Saudi Riyal,13.7748,13.8135
4/16/2026,Saudi Riyal,13.7948,13.8322
4/15/2026,Saudi Riyal,13.8431,13.8807
4/14/2026,Saudi Riyal,13.9740,14.0102
4/9/2026,Saudi Riyal,14.1424,14.1794
4/8/2026,Saudi Riyal,14.1913,14.2302
4/7/2026,Saudi Riyal,14.5530,14.5918
4/6/2026,Saudi Riyal,14.4811,14.5209
4/5/2026,Saudi Riyal,14.4945,14.5335
4/2/2026,Saudi Riyal,14.4643,14.5023
4/1/2026,Saudi Riyal,14.2684,14.3086
3/31/2026,Saudi Riyal,14.5293,14.5676
3/30/2026,Saudi Riyal,14.5248,14.5637
3/29/2026,Saudi Riyal,14.2641,14.3022
3/26/2026,Saudi Riyal,14.0600,14.0984
3/25/2026,Saudi Riyal,13.9986,14.0363
3/24/2026,Saudi Riyal,14.0175,14.0569
3/18/2026,Saudi Riyal,13.9255,13.9645
3/17/2026,Saudi Riyal,13.9249,13.9632
3/16/2026,Saudi Riyal,13.9398,13.9777
3/15/2026,Saudi Riyal,13.9873,14.0254
3/12/2026,Saudi Riyal,13.9580,13.9971
3/11/2026,Saudi Riyal,13.8359,13.8740
3/10/2026,Saudi Riyal,13.8333,13.8742
3/9/2026,Saudi Riyal,14.0443,14.0812
3/8/2026,Saudi Riyal,13.8804,13.9190
3/5/2026,Saudi Riyal,13.3435,13.3825
3/4/2026,Saudi Riyal,13.3501,13.3903
3/3/2026,Saudi Riyal,13.2749,13.3127
3/2/2026,Saudi Riyal,13.0932,13.1388
3/1/2026,Saudi Riyal,12.9792,13.0169
2/26/2026,Saudi Riyal,12.7599,12.7978
2/25/2026,Saudi Riyal,12.7638,12.8006
2/24/2026,Saudi Riyal,12.7497,12.7877
2/23/2026,Saudi Riyal,12.7064,12.7437
2/22/2026,Saudi Riyal,12.7256,12.7646
2/19/2026,Saudi Riyal,12.6697,12.7074
2/18/2026,Saudi Riyal,12.5164,12.5540
2/17/2026,Saudi Riyal,12.5203,12.5583
2/16/2026,Saudi Riyal,12.4550,12.4930
2/15/2026,Saudi Riyal,12.4548,12.4918
2/12/2026,Saudi Riyal,12.4672,12.5036
2/11/2026,Saudi Riyal,12.4743,12.5105
2/10/2026,Saudi Riyal,12.4767,12.5124
2/9/2026,Saudi Riyal,12.4838,12.5207
2/8/2026,Saudi Riyal,12.5023,12.5385
2/5/2026,Saudi Riyal,12.5037,12.5410
2/4/2026,Saudi Riyal,12.4958,12.5318
2/3/2026,Saudi Riyal,12.5134,12.5485
2/2/2026,Saudi Riyal,12.5355,12.5731
2/1/2026,Saudi Riyal,12.5473,12.5843
1/28/2026,Saudi Riyal,12.4911,12.5284
1/27/2026,Saudi Riyal,12.5264,12.5629
1/26/2026,Saudi Riyal,12.5348,12.5716
1/25/2026,Saudi Riyal,12.5331,12.5701
1/22/2026,Saudi Riyal,12.5546,12.5923
1/21/2026,Saudi Riyal,12.6187,12.6563
1/20/2026,Saudi Riyal,12.6475,12.6842
1/19/2026,Saudi Riyal,12.6269,12.6644
1/18/2026,Saudi Riyal,12.6179,12.6541
1/15/2026,Saudi Riyal,12.5910,12.6281
1/14/2026,Saudi Riyal,12.6042,12.6418
1/13/2026,Saudi Riyal,12.5475,12.5846
1/12/2026,Saudi Riyal,12.5570,12.5939
1/11/2026,Saudi Riyal,12.5679,12.6051
1/8/2026,Saudi Riyal,12.5861,12.6233
1/6/2026,Saudi Riyal,12.5845,12.6213
1/5/2026,Saudi Riyal,12.6001,12.6370
1/4/2026,Saudi Riyal,12.6743,12.7096
12/31/2025,Saudi Riyal,12.6914,12.7278
12/30/2025,Saudi Riyal,12.6961,12.7312
12/29/2025,Saudi Riyal,12.7032,12.7393
12/28/2025,Saudi Riyal,12.6877,12.7254
12/25/2025,Saudi Riyal,12.6724,12.7095
12/24/2025,Saudi Riyal,12.6698,12.7067
12/23/2025,Saudi Riyal,12.6549,12.6920
12/22/2025,Saudi Riyal,12.6403,12.6766
12/21/2025,Saudi Riyal,12.6563,12.6949
12/18/2025,Saudi Riyal,12.6693,12.7056
12/17/2025,Saudi Riyal,12.6700,12.7070
12/16/2025,Saudi Riyal,12.6242,12.6613
12/15/2025,Saudi Riyal,12.6319,12.6687
12/14/2025,Saudi Riyal,12.6354,12.6722
12/11/2025,Saudi Riyal,12.6473,12.6851
12/10/2025,Saudi Riyal,12.6731,12.7110
12/9/2025,Saudi Riyal,12.6679,12.7053
12/8/2025,Saudi Riyal,12.6452,12.6832
12/7/2025,Saudi Riyal,12.6358,12.6733
12/4/2025,Saudi Riyal,12.6571,12.6918
12/3/2025,Saudi Riyal,12.6629,12.7012
12/2/2025,Saudi Riyal,12.6394,12.6760
12/1/2025,Saudi Riyal,12.6470,12.6844
11/30/2025,Saudi Riyal,12.6650,12.7007
11/27/2025,Saudi Riyal,12.6831,12.7208
11/26/2025,Saudi Riyal,12.7021,12.7389
11/25/2025,Saudi Riyal,12.7317,12.7697
11/24/2025,Saudi Riyal,12.7160,12.7539
11/23/2025,Saudi Riyal,12.6801,12.7176
11/20/2025,Saudi Riyal,12.6343,12.6720
11/19/2025,Saudi Riyal,12.6196,12.6577
11/18/2025,Saudi Riyal,12.5611,12.5975
11/17/2025,Saudi Riyal,12.5297,12.5664
11/16/2025,Saudi Riyal,12.5506,12.5876
11/13/2025,Saudi Riyal,12.5627,12.5979
11/12/2025,Saudi Riyal,12.5745,12.6104
11/11/2025,Saudi Riyal,12.5717,12.6076
11/10/2025,Saudi Riyal,12.5837,12.6205
11/9/2025,Saudi Riyal,12.6036,12.6401
11/6/2025,Saudi Riyal,12.6070,12.6440
11/5/2025,Saudi Riyal,12.6227,12.6602
11/4/2025,Saudi Riyal,12.6125,12.6505
11/3/2025,Saudi Riyal,12.5800,12.6167
11/2/2025,Saudi Riyal,12.5762,12.6127
10/30/2025,Saudi Riyal,12.5735,12.6080
10/29/2025,Saudi Riyal,12.5949,12.6310
10/28/2025,Saudi Riyal,12.6103,12.6477
10/27/2025,Saudi Riyal,12.6308,12.6672
10/26/2025,Saudi Riyal,12.6518,12.6892
10/23/2025,Saudi Riyal,12.6707,12.7072
10/22/2025,Saudi Riyal,12.6623,12.6987
10/21/2025,Saudi Riyal,12.6625,12.6993
10/20/2025,Saudi Riyal,12.6456,12.6811
10/19/2025,Saudi Riyal,12.6625,12.7003
10/16/2025,Saudi Riyal,12.6680,12.7054
10/15/2025,Saudi Riyal,12.6852,12.7219
10/14/2025,Saudi Riyal,12.7045,12.7410
10/13/2025,Saudi Riyal,12.7015,12.7387
10/12/2025,Saudi Riyal,12.7488,12.7864
10/8/2025,Saudi Riyal,12.6591,12.6957
10/7/2025,Saudi Riyal,12.6604,12.6966
10/6/2025,Saudi Riyal,12.6774,12.7142
10/5/2025,Saudi Riyal,12.6821,12.7193
10/2/2025,Saudi Riyal,12.7170,12.7541
10/1/2025,Saudi Riyal,12.7430,12.7800
9/30/2025,Saudi Riyal,12.7474,12.7836
9/29/2025,Saudi Riyal,12.7924,12.8295
9/28/2025,Saudi Riyal,12.8205,12.8578
9/25/2025,Saudi Riyal,12.8121,12.8494
9/24/2025,Saudi Riyal,12.8223,12.8581
9/23/2025,Saudi Riyal,12.8333,12.8710
9/22/2025,Saudi Riyal,12.8363,12.8733
9/21/2025,Saudi Riyal,12.8409,12.8781
9/18/2025,Saudi Riyal,12.8320,12.8690
9/17/2025,Saudi Riyal,12.8171,12.8546
9/16/2025,Saudi Riyal,12.8087,12.8452
9/15/2025,Saudi Riyal,12.8261,12.8627
9/14/2025,Saudi Riyal,12.8319,12.8696
9/11/2025,Saudi Riyal,12.8290,12.8667
9/10/2025,Saudi Riyal,12.8133,12.8507
9/9/2025,Saudi Riyal,12.7779,12.8139
9/8/2025,Saudi Riyal,12.8333,12.8711
9/7/2025,Saudi Riyal,12.9054,12.9416
9/3/2025,Saudi Riyal,12.9306,12.9671
9/2/2025,Saudi Riyal,12.9134,12.9508
9/1/2025,Saudi Riyal,12.9212,12.9588
8/31/2025,Saudi Riyal,12.9301,12.9664
8/28/2025,Saudi Riyal,12.9319,12.9688
8/27/2025,Saudi Riyal,12.9457,12.9829
8/26/2025,Saudi Riyal,12.9329,12.9700
8/25/2025,Saudi Riyal,12.9112,12.9466
8/24/2025,Saudi Riyal,12.8823,12.9191
8/21/2025,Saudi Riyal,12.9076,12.9441
8/20/2025,Saudi Riyal,12.9352,12.9715
8/19/2025,Saudi Riyal,12.8942,12.9314
8/18/2025,Saudi Riyal,12.8711,12.9079
8/17/2025,Saudi Riyal,12.8571,12.8950
8/14/2025,Saudi Riyal,12.8555,12.8894
8/13/2025,Saudi Riyal,12.8594,12.8962
8/12/2025,Saudi Riyal,12.8878,12.9251
8/11/2025,Saudi Riyal,12.9039,12.9409
8/10/2025,Saudi Riyal,12.9035,12.9398
8/7/2025,Saudi Riyal,12.9210,12.9591
8/6/2025,Saudi Riyal,12.8959,12.9322
8/5/2025,Saudi Riyal,12.8879,12.9251
8/4/2025,Saudi Riyal,12.8955,12.9320
8/3/2025,Saudi Riyal,12.9487,12.9843
7/31/2025,Saudi Riyal,12.9586,12.9939
7/30/2025,Saudi Riyal,12.9667,13.0043
7/29/2025,Saudi Riyal,12.9542,12.9901
7/28/2025,Saudi Riyal,12.9837,13.0198
7/27/2025,Saudi Riyal,13.0098,13.0456
7/23/2025,Saudi Riyal,13.0648,13.1023
7/22/2025,Saudi Riyal,13.0626,13.1005
7/21/2025,Saudi Riyal,13.1101,13.1458
7/20/2025,Saudi Riyal,13.1402,13.1765
7/17/2025,Saudi Riyal,13.1599,13.1960
7/16/2025,Saudi Riyal,13.1605,13.1974
7/15/2025,Saudi Riyal,13.1566,13.1924
7/14/2025,Saudi Riyal,13.1707,13.2078
7/13/2025,Saudi Riyal,13.1775,13.2153
7/10/2025,Saudi Riyal,13.1832,13.2208
7/9/2025,Saudi Riyal,13.2095,13.2437
7/8/2025,Saudi Riyal,13.2300,13.2674
7/7/2025,Saudi Riyal,13.2257,13.2636
7/6/2025,Saudi Riyal,13.1376,13.1749
7/2/2025,Saudi Riyal,13.1391,13.1755
7/1/2025,Saudi Riyal,13.1663,13.2033
6/30/2025,Saudi Riyal,13.2059,13.2431
6/29/2025,Saudi Riyal,13.2312,13.2680
6/25/2025,Saudi Riyal,13.2876,13.3256
6/24/2025,Saudi Riyal,13.3214,13.3591
6/23/2025,Saudi Riyal,13.4903,13.5295
6/22/2025,Saudi Riyal,13.5185,13.5566
6/19/2025,Saudi Riyal,13.4846,13.5231
6/18/2025,Saudi Riyal,13.4526,13.4911
6/17/2025,Saudi Riyal,13.3471,13.3838
6/16/2025,Saudi Riyal,13.3750,13.4158
6/15/2025,Saudi Riyal,13.4683,13.5072
6/12/2025,Saudi Riyal,13.2510,13.2889
6/11/2025,Saudi Riyal,13.1774,13.2148
6/10/2025,Saudi Riyal,13.1856,13.2198
6/4/2025,Saudi Riyal,13.2169,13.2538
6/3/2025,Saudi Riyal,13.2276,13.2652
6/2/2025,Saudi Riyal,13.2264,13.2644
6/1/2025,Saudi Riyal,13.2293,13.2658
5/29/2025,Saudi Riyal,13.2428,13.2786
5/28/2025,Saudi Riyal,13.2597,13.2953
5/27/2025,Saudi Riyal,13.2587,13.2936
5/26/2025,Saudi Riyal,13.2677,13.3031
5/25/2025,Saudi Riyal,13.2861,13.3226
5/22/2025,Saudi Riyal,13.2854,13.3225
5/21/2025,Saudi Riyal,13.2752,13.3110
5/20/2025,Saudi Riyal,13.2854,13.3209
5/19/2025,Saudi Riyal,13.3266,13.3633
5/18/2025,Saudi Riyal,13.3414,13.3774
5/15/2025,Saudi Riyal,13.3518,13.3882
5/14/2025,Saudi Riyal,13.4170,13.4526
5/13/2025,Saudi Riyal,13.4305,13.4663
5/12/2025,Saudi Riyal,13.4473,13.4831
5/11/2025,Saudi Riyal,13.4734,13.5106
5/8/2025,Saudi Riyal,13.4787,13.5148
5/7/2025,Saudi Riyal,13.4822,13.5197
5/6/2025,Saudi Riyal,13.4894,13.5263
5/5/2025,Saudi Riyal,13.4950,13.5316
5/4/2025,Saudi Riyal,13.5050,13.5422
4/30/2025,Saudi Riyal,13.5280,13.5644
4/29/2025,Saudi Riyal,13.5254,13.5626
4/28/2025,Saudi Riyal,13.5268,13.5624
4/27/2025,Saudi Riyal,13.5605,13.5963
4/23/2025,Saudi Riyal,13.5635,13.6012
4/22/2025,Saudi Riyal,13.5874,13.6234
4/17/2025,Saudi Riyal,13.6052,13.6427
4/16/2025,Saudi Riyal,13.6005,13.6381
4/15/2025,Saudi Riyal,13.5709,13.6090
4/14/2025,Saudi Riyal,13.5698,13.6080
4/13/2025,Saudi Riyal,13.6256,13.6705
4/10/2025,Saudi Riyal,13.6584,13.6965
4/9/2025,Saudi Riyal,13.7438,13.7821
4/8/2025,Saudi Riyal,13.6368,13.6743
4/7/2025,Saudi Riyal,13.6697,13.7081
4/6/2025,Saudi Riyal,13.6096,13.6471
4/3/2025,Saudi Riyal,13.4692,13.5065
3/27/2025,Saudi Riyal,13.4667,13.5045
3/26/2025,Saudi Riyal,13.4581,13.4947
3/25/2025,Saudi Riyal,13.4659,13.5020
3/24/2025,Saudi Riyal,13.4747,13.5105
3/23/2025,Saudi Riyal,13.4859,13.5229
3/20/2025,Saudi Riyal,13.4623,13.4990
3/19/2025,Saudi Riyal,13.4834,13.5203
3/18/2025,Saudi Riyal,13.4410,13.4778
3/17/2025,Saudi Riyal,13.4501,13.4860
3/16/2025,Saudi Riyal,13.4709,13.5069
3/13/2025,Saudi Riyal,13.4869,13.5237
3/12/2025,Saudi Riyal,13.4971,13.5342
3/11/2025,Saudi Riyal,13.4755,13.5131
3/10/2025,Saudi Riyal,13.4707,13.5084
3/9/2025,Saudi Riyal,13.4797,13.5170
3/6/2025,Saudi Riyal,13.5002,13.5377
3/5/2025,Saudi Riyal,13.4946,13.5322
3/4/2025,Saudi Riyal,13.4864,13.5238
3/3/2025,Saudi Riyal,13.4885,13.5253
3/2/2025,Saudi Riyal,13.4887,13.5255
2/27/2025,Saudi Riyal,13.4890,13.5269
2/26/2025,Saudi Riyal,13.4718,13.5088
2/25/2025,Saudi Riyal,13.4745,13.5111
2/24/2025,Saudi Riyal,13.4804,13.5180
2/23/2025,Saudi Riyal,13.4673,13.5049
2/20/2025,Saudi Riyal,13.4648,13.5020
2/19/2025,Saudi Riyal,13.4752,13.5123
2/18/2025,Saudi Riyal,13.4885,13.5261
2/17/2025,Saudi Riyal,13.4762,13.5140
2/16/2025,Saudi Riyal,13.4797,13.5175
2/13/2025,Saudi Riyal,13.4863,13.5236
2/12/2025,Saudi Riyal,13.4802,13.5171
2/11/2025,Saudi Riyal,13.4378,13.4755
2/10/2025,Saudi Riyal,13.3923,13.4291
2/9/2025,Saudi Riyal,13.3862,13.4235
2/6/2025,Saudi Riyal,13.3920,13.4300
2/5/2025,Saudi Riyal,13.3977,13.4343
2/4/2025,Saudi Riyal,13.3948,13.4308
2/3/2025,Saudi Riyal,13.4046,13.4416
2/2/2025,Saudi Riyal,13.3734,13.4106
1/30/2025,Saudi Riyal,13.3732,13.4113
1/29/2025,Saudi Riyal,13.3751,13.4115
1/28/2025,Saudi Riyal,13.3663,13.4014
1/27/2025,Saudi Riyal,13.3783,13.4154
1/26/2025,Saudi Riyal,13.3750,13.4197
1/23/2025,Saudi Riyal,13.3869,13.4246
1/22/2025,Saudi Riyal,13.3945,13.4327
1/21/2025,Saudi Riyal,13.3861,13.4219
1/20/2025,Saudi Riyal,13.3907,13.4264
1/19/2025,Saudi Riyal,13.4021,13.4393
1/16/2025,Saudi Riyal,13.4084,13.4435
1/15/2025,Saudi Riyal,13.4206,13.4581
1/14/2025,Saudi Riyal,13.4232,13.4611
1/13/2025,Saudi Riyal,13.4372,13.4750
1/12/2025,Saudi Riyal,13.4512,13.4887
1/9/2025,Saudi Riyal,13.4540,13.4915
1/8/2025,Saudi Riyal,13.4614,13.4990
1/6/2025,Saudi Riyal,13.4735,13.5118
1/5/2025,Saudi Riyal,13.4798,13.5183
1/2/2025,Saudi Riyal,13.5011,13.5413
